{
  "best_model": "naive_bayes",
  "results": {
    "logistic_regression": {
      "accuracy": 0.6051401869158879,
      "report": {
        "0": {
          "precision": 0.5866454689984102,
          "recall": 0.599025974025974,
          "f1-score": 0.5927710843373494,
          "support": 616.0
        },
        "1": {
          "precision": 0.6229007633587786,
          "recall": 0.6107784431137725,
          "f1-score": 0.6167800453514739,
          "support": 668.0
        },
        "accuracy": 0.6051401869158879,
        "macro avg": {
          "precision": 0.6047731161785944,
          "recall": 0.6049022085698732,
          "f1-score": 0.6047755648444116,
          "support": 1284.0
        },
        "weighted avg": {
          "precision": 0.6055072576531814,
          "recall": 0.6051401869158879,
          "f1-score": 0.6052617276063799,
          "support": 1284.0
        }
      }
    },
    "random_forest": {
      "accuracy": 0.5989096573208723,
      "report": {
        "0": {
          "precision": 0.5916515426497277,
          "recall": 0.5292207792207793,
          "f1-score": 0.5586975149957155,
          "support": 616.0
        },
        "1": {
          "precision": 0.6043656207366985,
          "recall": 0.6631736526946108,
          "f1-score": 0.6324054246966453,
          "support": 668.0
        },
        "accuracy": 0.5989096573208723,
        "macro avg": {
          "precision": 0.5980085816932131,
          "recall": 0.596197215957695,
          "f1-score": 0.5955514698461803,
          "support": 1284.0
        },
        "weighted avg": {
          "precision": 0.5982660318725443,
          "recall": 0.5989096573208723,
          "f1-score": 0.5970439976127101,
          "support": 1284.0
        }
      }
    },
    "naive_bayes": {
      "accuracy": 0.6098130841121495,
      "report": {
        "0": {
          "precision": 0.6592797783933518,
          "recall": 0.38636363636363635,
          "f1-score": 0.4872057318321392,
          "support": 616.0
        },
        "1": {
          "precision": 0.590465872156013,
          "recall": 0.8158682634730539,
          "f1-score": 0.6851037083595223,
          "support": 668.0
        },
        "accuracy": 0.6098130841121495,
        "macro avg": {
          "precision": 0.6248728252746825,
          "recall": 0.6011159499183452,
          "f1-score": 0.5861547200958308,
          "support": 1284.0
        },
        "weighted avg": {
          "precision": 0.6234793972667613,
          "recall": 0.6098130841121495,
          "f1-score": 0.5901619999943603,
          "support": 1284.0
        }
      }
    }
  }
}